{
  "task_type": "significant_delay_prediction",
  "model_type": "random_forest",
  "primary_metric": "f1",
  "dataset_version": "6378f0e30784",
  "feature_set_version": "6378f0e30784",
  "split_strategy": "time_based",
  "delay_threshold_minutes": 15,
  "selected_threshold": 0.45,
  "validation_f1": 0.33812479581836,
  "precision": 0.20824510322922182,
  "recall": 0.8970923603192702,
  "f1": 0.3380236305048335,
  "roc_auc": 0.6106349596883713,
  "pr_auc": 0.27474646082276777,
  "train_rows": 84000,
  "validation_rows": 18000,
  "test_rows": 18000,
  "confusion_matrix": [
    [
      2527,
      11965
    ],
    [
      361,
      3147
    ]
  ]
}