{
  "task_type": "delay_reason_classification",
  "model_type": "random_forest",
  "primary_metric": "macro_f1",
  "dataset_version": "6378f0e30784",
  "feature_set_version": "6378f0e30784",
  "split_strategy": "time_based",
  "macro_f1": 0.22609764918337127,
  "weighted_f1": 0.2705037101895933,
  "train_rows": 15304,
  "validation_rows": 3279,
  "test_rows": 3281,
  "classes": [
    "airline_operations",
    "airport_congestion",
    "late_aircraft",
    "other",
    "security_or_border_control",
    "technical",
    "weather"
  ],
  "confusion_matrix": [
    [
      71,
      62,
      46,
      65,
      47,
      54,
      150
    ],
    [
      76,
      126,
      93,
      62,
      78,
      59,
      204
    ],
    [
      43,
      69,
      141,
      73,
      38,
      53,
      175
    ],
    [
      24,
      25,
      32,
      17,
      20,
      17,
      67
    ],
    [
      18,
      33,
      20,
      20,
      29,
      17,
      73
    ],
    [
      25,
      33,
      43,
      26,
      29,
      81,
      68
    ],
    [
      55,
      53,
      62,
      58,
      49,
      43,
      459
    ]
  ],
  "classification_report": {
    "airline_operations": {
      "precision": 0.22756410256410256,
      "recall": 0.14343434343434344,
      "f1-score": 0.17596034696406443,
      "support": 495.0
    },
    "airport_congestion": {
      "precision": 0.314214463840399,
      "recall": 0.18051575931232092,
      "f1-score": 0.22929936305732485,
      "support": 698.0
    },
    "late_aircraft": {
      "precision": 0.32265446224256294,
      "recall": 0.23817567567567569,
      "f1-score": 0.27405247813411077,
      "support": 592.0
    },
    "other": {
      "precision": 0.0529595015576324,
      "recall": 0.08415841584158416,
      "f1-score": 0.06500956022944551,
      "support": 202.0
    },
    "security_or_border_control": {
      "precision": 0.1,
      "recall": 0.1380952380952381,
      "f1-score": 0.116,
      "support": 210.0
    },
    "technical": {
      "precision": 0.25,
      "recall": 0.26557377049180325,
      "f1-score": 0.2575516693163752,
      "support": 305.0
    },
    "weather": {
      "precision": 0.38377926421404684,
      "recall": 0.5892169448010269,
      "f1-score": 0.4648101265822785,
      "support": 779.0
    },
    "accuracy": 0.28162145687290463,
    "macro avg": {
      "precision": 0.2358816849169634,
      "recall": 0.23416716395028464,
      "f1-score": 0.22609764918337127,
      "support": 3281.0
    },
    "weighted avg": {
      "precision": 0.2834164078984489,
      "recall": 0.28162145687290463,
      "f1-score": 0.2705037101895933,
      "support": 3281.0
    }
  }
}